{
  "dv_mean": [
    -4.269264479717094e-07,
    -5.1227243602625094e-06
  ],
  "dv_std": [
    0.004789645783603191,
    0.006376231554895639
  ],
  "dv_max": [
    0.22818623483181,
    0.15357868373394012
  ],
  "n_train_samples": 297633,
  "val_seq_names": [
    "dancetrack0024",
    "dancetrack0008",
    "dancetrack0027",
    "dancetrack0087",
    "dancetrack0062",
    "dancetrack0061",
    "dancetrack0074",
    "dancetrack0029"
  ],
  "train_seq_names": [
    "dancetrack0012",
    "dancetrack0080",
    "dancetrack0053",
    "dancetrack0069",
    "dancetrack0057",
    "dancetrack0049",
    "dancetrack0032",
    "dancetrack0083",
    "dancetrack0086",
    "dancetrack0066",
    "dancetrack0033",
    "dancetrack0055",
    "dancetrack0052",
    "dancetrack0075",
    "dancetrack0096",
    "dancetrack0072",
    "dancetrack0051",
    "dancetrack0044",
    "dancetrack0099",
    "dancetrack0082",
    "dancetrack0006",
    "dancetrack0001",
    "dancetrack0098",
    "dancetrack0068",
    "dancetrack0015",
    "dancetrack0016",
    "dancetrack0023",
    "dancetrack0037",
    "dancetrack0039",
    "dancetrack0045",
    "dancetrack0002",
    "dancetrack0020"
  ]
}